{
  "concept": "fran",
  "layer": 2,
  "hook_point": "post_mlp",
  "alpha": 1.0,
  "num_positive": 39,
  "num_negative": 50,
  "vector": [
    -0.002970869491156991,
    -0.4459307489660401,
    0.19463724019509096,
    -0.07137764696850213,
    0.1471926794933648,
    0.46005105986789013,
    0.290263520437014,
    0.2165130977241848,
    0.033745366729877366,
    -0.09087748044745154,
    0.00115286520860447,
    0.005639343200178171,
    -0.08285039893418557,
    -0.06217326734172707,
    0.009735010716916126,
    0.4157107692608888
  ]
}