{
  "concept": "fran",
  "layer": 1,
  "hook_point": "post_mlp",
  "alpha": 1.0,
  "num_positive": 39,
  "num_negative": 50,
  "vector": [
    0.034433102109322766,
    -0.03322745623768508,
    0.015156969908565333,
    -0.14656224491184633,
    0.02830354323316639,
    0.3431210688364943,
    0.13958706814056818,
    0.1918884856887468,
    0.09431457600884241,
    -0.1572334261776819,
    -0.0012706060265759156,
    -0.14299608324641236,
    0.07893781409880456,
    -0.11046096058530727,
    -0.017453413724432088,
    0.3188778780435215
  ]
}